[{"Name":"100% Bran","Manufacturer":"Nabisco","Target":"adult","Type":"cold","Shelf":"top","Calories":318.18,"Cups":1.5,"Weight":4.55,"Protein":18.18,"Fat":4.55,"Sodium":590.91,"Fiber":45.45,"Carbs":22.73,"Sugars":27.27,"Potassium":1272.73,"Vitamins":113.64,"Rating":68,"Ingredients":" ","calories_norm":58.4307692308,"sugars_norm":12.986598596,"fat_norm":66.642228739,"protein_norm":100.0,"fiber_norm":100.0,"vitamins_norm":56.82,"sodium_norm":50.0,"Health Score":0,"Organic":false,"Vegan":false,"Gluten Free":false},{"Name":"Nutri-Grain Almond-Raisin","Manufacturer":"Kellogg","Target":"adult","Type":"cold","Shelf":"top","Calories":313.43,"Cups":1.5,"Weight":2.98,"Protein":6.72,"Fat":4.48,"Sodium":492.54,"Fiber":6.72,"Carbs":47.01,"Sugars":15.67,"Potassium":291.04,"Vitamins":55.97,"Rating":41,"Ingredients":" ","calories_norm":59.2427350427,"sugars_norm":50.0,"fat_norm":67.1554252199,"protein_norm":32.7859237537,"fiber_norm":14.7854785479,"vitamins_norm":27.985,"sodium_norm":58.3236025791,"Health Score":0,"Organic":false,"Vegan":false,"Gluten Free":false},{"Name":"Quaker Oat Squares","Manufacturer":"Quaker Oats","Target":"adult","Type":"cold","Shelf":"top","Calories":300.0,"Cups":1.5,"Weight":3.0,"Protein":12.0,"Fat":3.0,"Sodium":405.0,"Fiber":6.0,"Carbs":42.0,"Sugars":18.0,"Potassium":330.0,"Vitamins":75.0,"Rating":50,"Ingredients":" ","calories_norm":61.5384615385,"sugars_norm":42.5654116146,"fat_norm":78.0058651026,"protein_norm":63.7536656891,"fiber_norm":13.201320132,"vitamins_norm":37.5,"sodium_norm":65.7308219526,"Health Score":0,"Organic":false,"Vegan":false,"Gluten Free":false},{"Name":"Puffed Wheat","Manufacturer":"Quaker Oats","Target":"adult","Type":"cold","Shelf":"top","Calories":75.0,"Cups":1.5,"Weight":0.75,"Protein":3.0,"Fat":0.0,"Sodium":0.0,"Fiber":1.5,"Carbs":15.0,"Sugars":0.0,"Potassium":75.0,"Vitamins":0.0,"Rating":63,"Ingredients":"sugar, wheat, dextrose, honey, contains 2% or less of vegetable oil (hydrogenated or partially hydrogenated soybean), salt, caramel color, soy lecithin, bht for freshness. vitamins and minerals: vitamin c (sodium ascorbate), niacinamide, vitamin b6 (pyridoxine hydrochloride), vitamin a palmitate, vitamin b2 (riboflavin), vitamin b1 (thiamin hydrochloride), folic acid, vitamin d, vitamin b12.","calories_norm":100.0,"sugars_norm":100.0,"fat_norm":100.0,"protein_norm":10.9677419355,"fiber_norm":3.300330033,"vitamins_norm":0.0,"sodium_norm":100.0,"Health Score":0,"Organic":false,"Vegan":false,"Gluten Free":false},{"Name":"Puffed Rice","Manufacturer":"Quaker Oats","Target":"adult","Type":"cold","Shelf":"top","Calories":75.0,"Cups":1.5,"Weight":0.75,"Protein":1.5,"Fat":0.0,"Sodium":0.0,"Fiber":0.0,"Carbs":19.5,"Sugars":0.0,"Potassium":22.5,"Vitamins":0.0,"Rating":61,"Ingredients":"puffed rice, ferrous sulfate (a source of iron), niacinamide*, citric acid, thiamin mononitrate*, riboflavin*, folic acid*.  *one of the b vitamins","calories_norm":100.0,"sugars_norm":100.0,"fat_norm":100.0,"protein_norm":2.1700879765,"fiber_norm":0.0,"vitamins_norm":0.0,"sodium_norm":100.0,"Health Score":0,"Organic":true,"Vegan":true,"Gluten Free":false},{"Name":"Product 19","Manufacturer":"Kellogg","Target":"adult","Type":"cold","Shelf":"top","Calories":150.0,"Cups":1.5,"Weight":1.5,"Protein":4.5,"Fat":0.0,"Sodium":480.0,"Fiber":1.5,"Carbs":30.0,"Sugars":4.5,"Potassium":67.5,"Vitamins":150.0,"Rating":42,"Ingredients":"milled corn, sugar, whole grain oat flour, wheat flour, rice, contains 2% or less of defatted wheat germ, salt, malt flavoring, annatto color, bht for freshness. vitamins and minerals: vitamin c (sodium ascorbate and ascorbic acid), vitamin a palmitate, niacinamide, zinc oxide, reduced iron, calcium pantothenate, vitamin b6 (pyridoxine hydrochloride), vitamin d, vitamin b1 (thiamin hydrochloride), vitamin b2 (riboflavin), vitamin e (alpha tocopherol acetate), folic acid, vitamin b12. ","calories_norm":87.1794871795,"sugars_norm":85.6413529036,"fat_norm":100.0,"protein_norm":19.7653958944,"fiber_norm":3.300330033,"vitamins_norm":75.0,"sodium_norm":59.3846778697,"Health Score":0,"Organic":false,"Vegan":false,"Gluten Free":false},{"Name":"Post Nat. Raisin Bran","Manufacturer":"Post","Target":"adult","Type":"cold","Shelf":"top","Calories":268.66,"Cups":1.5,"Weight":2.98,"Protein":6.72,"Fat":2.24,"Sodium":447.76,"Fiber":13.43,"Carbs":24.63,"Sugars":31.34,"Potassium":582.09,"Vitamins":55.97,"Rating":38,"Ingredients":" ","calories_norm":66.8957264957,"sugars_norm":0.0,"fat_norm":83.57771261,"protein_norm":32.7859237537,"fiber_norm":29.5489548955,"vitamins_norm":27.985,"sodium_norm":62.1126736728,"Health Score":0,"Organic":false,"Vegan":false,"Gluten Free":false},{"Name":"Oatmeal Raisin Crisp","Manufacturer":"General Mills","Target":"adult","Type":"cold","Shelf":"top","Calories":390.0,"Cups":1.5,"Weight":3.75,"Protein":9.0,"Fat":6.0,"Sodium":510.0,"Fiber":4.5,"Carbs":40.5,"Sugars":30.0,"Potassium":360.0,"Vitamins":75.0,"Rating":30,"Ingredients":" ","calories_norm":46.1538461538,"sugars_norm":4.2756860243,"fat_norm":56.0117302053,"protein_norm":46.1583577713,"fiber_norm":9.900990099,"vitamins_norm":37.5,"sodium_norm":56.8462202366,"Health Score":0,"Organic":false,"Vegan":false,"Gluten Free":false},{"Name":"Nutri-grain Wheat","Manufacturer":"Kellogg","Target":"adult","Type":"cold","Shelf":"top","Calories":135.0,"Cups":1.5,"Weight":1.5,"Protein":4.5,"Fat":0.0,"Sodium":255.0,"Fiber":4.5,"Carbs":27.0,"Sugars":3.0,"Potassium":135.0,"Vitamins":37.5,"Rating":60,"Ingredients":" ","calories_norm":89.7435897436,"sugars_norm":90.4275686024,"fat_norm":100.0,"protein_norm":19.7653958944,"fiber_norm":9.900990099,"vitamins_norm":18.75,"sodium_norm":78.4231101183,"Health Score":0,"Organic":false,"Vegan":false,"Gluten Free":false},{"Name":"Nut&Honey Crunch","Manufacturer":"Kellogg","Target":"adult","Type":"cold","Shelf":"middle","Calories":268.66,"Cups":1.5,"Weight":2.24,"Protein":4.48,"Fat":2.24,"Sodium":425.37,"Fiber":0.0,"Carbs":33.58,"Sugars":20.15,"Potassium":89.55,"Vitamins":55.97,"Rating":30,"Ingredients":" ","calories_norm":66.8957264957,"sugars_norm":35.705169113,"fat_norm":83.57771261,"protein_norm":19.6480938416,"fiber_norm":0.0,"vitamins_norm":27.985,"sodium_norm":64.0072092197,"Health Score":0,"Organic":false,"Vegan":false,"Gluten Free":false},{"Name":"100% Natural Bran","Manufacturer":"Quaker Oats","Target":"adult","Type":"cold","Shelf":"top","Calories":180.0,"Cups":1.5,"Weight":1.5,"Protein":4.5,"Fat":7.5,"Sodium":22.5,"Fiber":3.0,"Carbs":12.0,"Sugars":12.0,"Potassium":202.5,"Vitamins":0.0,"Rating":34,"Ingredients":" ","calories_norm":82.0512820513,"sugars_norm":61.7102744097,"fat_norm":45.0146627566,"protein_norm":19.7653958944,"fiber_norm":6.600660066,"vitamins_norm":0.0,"sodium_norm":98.0961567751,"Health Score":0,"Organic":false,"Vegan":false,"Gluten Free":false},{"Name":"Multi-Grain Cheerios","Manufacturer":"General Mills","Target":"adult","Type":"cold","Shelf":"bottom","Calories":150.0,"Cups":1.5,"Weight":1.5,"Protein":3.0,"Fat":1.5,"Sodium":330.0,"Fiber":3.0,"Carbs":22.5,"Sugars":9.0,"Potassium":135.0,"Vitamins":37.5,"Rating":40,"Ingredients":" ","calories_norm":87.1794871795,"sugars_norm":71.2827058073,"fat_norm":89.0029325513,"protein_norm":10.9677419355,"fiber_norm":6.600660066,"vitamins_norm":18.75,"sodium_norm":72.0769660354,"Health Score":0,"Organic":false,"Vegan":false,"Gluten Free":false},{"Name":"Mueslix Crispy Blend","Manufacturer":"Kellogg","Target":"adult","Type":"cold","Shelf":"top","Calories":358.21,"Cups":1.5,"Weight":3.36,"Protein":6.72,"Fat":4.48,"Sodium":335.82,"Fiber":6.72,"Carbs":38.06,"Sugars":29.1,"Potassium":358.21,"Vitamins":55.97,"Rating":39,"Ingredients":" ","calories_norm":51.588034188,"sugars_norm":7.1474154435,"fat_norm":67.1554252199,"protein_norm":32.7859237537,"fiber_norm":14.7854785479,"vitamins_norm":27.985,"sodium_norm":71.5845052546,"Health Score":0,"Organic":false,"Vegan":false,"Gluten Free":false},{"Name":"Muesli Raisins Peaches & Pecans","Manufacturer":"Ralston Purina","Target":"adult","Type":"cold","Shelf":"top","Calories":225.0,"Cups":1.5,"Weight":1.5,"Protein":6.0,"Fat":4.5,"Sodium":225.0,"Fiber":4.5,"Carbs":24.0,"Sugars":16.5,"Potassium":255.0,"Vitamins":37.5,"Rating":34,"Ingredients":" ","calories_norm":74.358974359,"sugars_norm":47.3516273133,"fat_norm":67.008797654,"protein_norm":28.5630498534,"fiber_norm":9.900990099,"vitamins_norm":18.75,"sodium_norm":80.9615677514,"Health Score":0,"Organic":false,"Vegan":false,"Gluten Free":false},{"Name":"Muesli Raisins Dates & Almonds","Manufacturer":"Ralston Purina","Target":"adult","Type":"cold","Shelf":"top","Calories":225.0,"Cups":1.5,"Weight":1.5,"Protein":6.0,"Fat":4.5,"Sodium":142.5,"Fiber":4.5,"Carbs":24.0,"Sugars":16.5,"Potassium":255.0,"Vitamins":37.5,"Rating":37,"Ingredients":" ","calories_norm":74.358974359,"sugars_norm":47.3516273133,"fat_norm":67.008797654,"protein_norm":28.5630498534,"fiber_norm":9.900990099,"vitamins_norm":18.75,"sodium_norm":87.9423262426,"Health Score":0,"Organic":false,"Vegan":false,"Gluten Free":false},{"Name":"Lucky Charms","Manufacturer":"General Mills","Target":"child","Type":"cold","Shelf":"middle","Calories":165.0,"Cups":1.5,"Weight":1.5,"Protein":3.0,"Fat":1.5,"Sodium":270.0,"Fiber":0.0,"Carbs":18.0,"Sugars":18.0,"Potassium":82.5,"Vitamins":37.5,"Rating":27,"Ingredients":" ","calories_norm":84.6153846154,"sugars_norm":42.5654116146,"fat_norm":89.0029325513,"protein_norm":10.9677419355,"fiber_norm":0.0,"vitamins_norm":18.75,"sodium_norm":77.1538813017,"Health Score":0,"Organic":false,"Vegan":false,"Gluten Free":true},{"Name":"Life","Manufacturer":"Quaker Oats","Target":"child","Type":"cold","Shelf":"middle","Calories":223.88,"Cups":1.5,"Weight":2.24,"Protein":8.96,"Fat":4.48,"Sodium":335.82,"Fiber":4.48,"Carbs":26.87,"Sugars":13.43,"Potassium":212.69,"Vitamins":55.97,"Rating":45,"Ingredients":"whole grain oat flour, sugar, corn flour, whole wheat flour, rice flour, natural and artificial flavor, calcium carbonate, salt, disodium, phosphate, caramel color, reduced iron, niacinamide*, zinc oxide, bht ( a preservative), yellow 5, yellow 6, thiamin mononitrate*, pyridoxine hydrochloride *, riboflavin*, folic acid*.","calories_norm":74.5504273504,"sugars_norm":57.1474154435,"fat_norm":67.1554252199,"protein_norm":45.9237536657,"fiber_norm":9.8569856986,"vitamins_norm":27.985,"sodium_norm":71.5845052546,"Health Score":0,"Organic":true,"Vegan":false,"Gluten Free":true},{"Name":"Kix","Manufacturer":"General Mills","Target":"child","Type":"cold","Shelf":"middle","Calories":110.0,"Cups":1.5,"Weight":1.0,"Protein":2.0,"Fat":1.0,"Sodium":260.0,"Fiber":0.0,"Carbs":21.0,"Sugars":3.0,"Potassium":40.0,"Vitamins":25.0,"Rating":39,"Ingredients":"whole grain corn, corn meal, sugar, salt, brown sugar syrup, baking soda. vitamin e (mixed tocopherols) added to preserve freshness.vitamins and minerals: calcium carbonate, iron and zinc (mineral nutrients), vitamin c (sodium ascorbate), a b vitamin (niacinamide), vitamin b6 (pyridoxine hydrochloride), vitamin b2 (riboflavin), vitamin b1 (thiamin mononitrate), vitamin a (palmitate), a b vitamin (folic acid), vitamin b12, vitamin d3.","calories_norm":94.0170940171,"sugars_norm":90.4275686024,"fat_norm":92.6686217009,"protein_norm":5.1026392962,"fiber_norm":0.0,"vitamins_norm":12.5,"sodium_norm":78.0000338461,"Health Score":0,"Organic":false,"Vegan":false,"Gluten Free":false},{"Name":"Quaker Oatmeal","Manufacturer":"Quaker Oats","Target":"adult","Type":"hot","Shelf":"bottom","Calories":223.88,"Cups":1.5,"Weight":2.24,"Protein":11.19,"Fat":4.48,"Sodium":0.0,"Fiber":6.04,"Carbs":null,"Sugars":null,"Potassium":246.27,"Vitamins":0.0,"Rating":51,"Ingredients":" ","calories_norm":74.5504273504,"sugars_norm":null,"fat_norm":67.1554252199,"protein_norm":59.0029325513,"fiber_norm":13.2893289329,"vitamins_norm":0.0,"sodium_norm":100.0,"Health Score":0,"Organic":false,"Vegan":false,"Gluten Free":false},{"Name":"Raisin Bran","Manufacturer":"Kellogg","Target":"adult","Type":"cold","Shelf":"middle","Calories":240.0,"Cups":1.5,"Weight":2.66,"Protein":6.0,"Fat":2.0,"Sodium":420.0,"Fiber":10.0,"Carbs":28.0,"Sugars":24.0,"Potassium":480.0,"Vitamins":50.0,"Rating":39,"Ingredients":"whole grain wheat, rice, sugar, raisins, wheat bran, bananas, brown sugar syrup, vegetable glycerin, coconut oil, contains 2% or less of malt flavor, natural flavors, salt. vitamins and minerals: potassium chloride, reduced iron, niacinamide, vitamin b1 (thiamin hydrochloride), vitamin b6 (pyridoxine hydrochloride), vitamin b2 (riboflavin), folic acid, vitamin d3, vitamin b12.","calories_norm":71.7948717949,"sugars_norm":23.4205488194,"fat_norm":85.3372434018,"protein_norm":28.5630498534,"fiber_norm":22.00220022,"vitamins_norm":25.0,"sodium_norm":64.461593136,"Health Score":0,"Organic":true,"Vegan":true,"Gluten Free":false},{"Name":"Raisin Nut Bran","Manufacturer":"General Mills","Target":"adult","Type":"cold","Shelf":"top","Calories":300.0,"Cups":1.5,"Weight":3.0,"Protein":9.0,"Fat":6.0,"Sodium":420.0,"Fiber":7.5,"Carbs":31.5,"Sugars":24.0,"Potassium":420.0,"Vitamins":75.0,"Rating":40,"Ingredients":" ","calories_norm":61.5384615385,"sugars_norm":23.4205488194,"fat_norm":56.0117302053,"protein_norm":46.1583577713,"fiber_norm":16.501650165,"vitamins_norm":37.5,"sodium_norm":64.461593136,"Health Score":0,"Organic":false,"Vegan":false,"Gluten Free":false},{"Name":"Raisin Squares","Manufacturer":"Kellogg","Target":"adult","Type":"cold","Shelf":"top","Calories":270.0,"Cups":1.5,"Weight":3.0,"Protein":6.0,"Fat":0.0,"Sodium":0.0,"Fiber":6.0,"Carbs":45.0,"Sugars":18.0,"Potassium":330.0,"Vitamins":75.0,"Rating":55,"Ingredients":" ","calories_norm":66.6666666667,"sugars_norm":42.5654116146,"fat_norm":100.0,"protein_norm":28.5630498534,"fiber_norm":13.201320132,"vitamins_norm":37.5,"sodium_norm":100.0,"Health Score":0,"Organic":false,"Vegan":false,"Gluten Free":false},{"Name":"Wheaties","Manufacturer":"General Mills","Target":"child","Type":"cold","Shelf":"bottom","Calories":150.0,"Cups":1.5,"Weight":1.5,"Protein":4.5,"Fat":1.5,"Sodium":300.0,"Fiber":4.5,"Carbs":25.5,"Sugars":4.5,"Potassium":165.0,"Vitamins":37.5,"Rating":52,"Ingredients":"whole grain wheat, sugar, salt, corn syrup. vitamin e (mixed tocopherols) added to preserve freshness.vitamins and minerals: calcium carbonate, zinc and iron (mineral nutrients), a b vitamin (niacinamide), vitamin c (sodium ascorbate), vitamin b6 (pyridoxine hydrochloride), vitamin b2 (riboflavin), vitamin b1 (thiamin mononitrate), vitamin a (palmitate), a b vitamin (folic acid), vitamin b12, vitamin d3.","calories_norm":87.1794871795,"sugars_norm":85.6413529036,"fat_norm":89.0029325513,"protein_norm":19.7653958944,"fiber_norm":9.900990099,"vitamins_norm":18.75,"sodium_norm":74.6154236686,"Health Score":0,"Organic":false,"Vegan":false,"Gluten Free":false},{"Name":"Wheat Chex","Manufacturer":"Ralston Purina","Target":"adult","Type":"cold","Shelf":"bottom","Calories":223.88,"Cups":1.5,"Weight":2.24,"Protein":6.72,"Fat":2.24,"Sodium":514.93,"Fiber":6.72,"Carbs":38.06,"Sugars":6.72,"Potassium":257.46,"Vitamins":55.97,"Rating":50,"Ingredients":"rice chex : whole grain rice, rice, sugar, salt, molasses. vitamin e (mixed tocopherols) added to preserve freshness.vitamins and minerals: calcium carbonate, iron and zinc (mineral nutrients), vitamin c (sodium ascorbate), a b vitamin (niacinamide), vitamin b6 (pyridoxine hydrochloride), vitamin b1 (thiamin mononitrate), vitamin a (palmitate), vitamin b2 (riboflavin), a b vitamin (folic acid), vitamin b12, vitamin d3.    wheat chex :   whole grain wheat, sugar, salt, molasses, baking soda. vitamin e (mixed tocopherols) added to preserve freshness.vitamins and minerals: calcium carbonate, iron and zinc (mineral nutrients), vitamin c (sodium ascorbate), a b vitamin (niacinamide), vitamin b6 (pyridoxine hydrochloride), vitamin b2 (riboflavin), a b vitamin (folic acid), vitamin b1 (thiamin mononitrate), vitamin a (palmitate), vitamin b12, vitamin d3.    corn chex : whole grain corn, corn meal, sugar, corn starch, salt, baking soda. vitamin e (mixed tocopherols) added to preserve freshness.vitamins and minerals: calcium carbonate, iron and zinc (mineral nutrients), vitamin c (sodium ascorbate), a b vitamin (niacinamide), vitamin b1 (thiamin mononitrate), vitamin b6 (pyridoxine hydrochloride), vitamin a (palmitate), vitamin b2 (riboflavin), a b vitamin (folic acid), vitamin b12, vitamin d3.    chex seasoning : salt, maltodextrin, worcestershire sauce (vinegar, molasses, corn syrup, water, salt, caramel color, garlic powder, sugar, spices, tamarind, natural flavor), garlic powder, dextrose, sodium stearoyl lactylate, calcium stearate, soybean oil, sulfiting agents.","calories_norm":74.5504273504,"sugars_norm":78.5577536694,"fat_norm":83.57771261,"protein_norm":32.7859237537,"fiber_norm":14.7854785479,"vitamins_norm":27.985,"sodium_norm":56.4290670322,"Health Score":0,"Organic":false,"Vegan":false,"Gluten Free":false},{"Name":"Trix","Manufacturer":"General Mills","Target":"child","Type":"cold","Shelf":"middle","Calories":165.0,"Cups":1.5,"Weight":1.5,"Protein":1.5,"Fat":1.5,"Sodium":210.0,"Fiber":0.0,"Carbs":19.5,"Sugars":18.0,"Potassium":37.5,"Vitamins":37.5,"Rating":28,"Ingredients":"enriched flour bleached (wheat flour, malted barley flour, niacin, ferrous sulfate, thiamin mononitrate, riboflavin, folic acid), water, palm and\\/or soybean oil, sugar, high fructose corn syrup, maltodextrin. contains 2% or less of: corn starch, modified corn starch, hydrogenated palm oil, salt, dry yeast, dextrose, maltitol syrup, baking powder (sodium acid pyrophosphate, baking soda), strawberry puree, mono and diglycerides, whey powder, corn syrup solids, natural and artificial flavor, citric acid, blueberry puree, polysorbate 60, sodium citrate, preservatives (potassium sorbate, sodium benzoate, tbhq, citric acid), xanthan gum, guar gum, locust bean gum, colored with (red 40, blue 1), sucralose.","calories_norm":84.6153846154,"sugars_norm":42.5654116146,"fat_norm":89.0029325513,"protein_norm":2.1700879765,"fiber_norm":0.0,"vitamins_norm":18.75,"sodium_norm":82.230796568,"Health Score":0,"Organic":false,"Vegan":false,"Gluten Free":false},{"Name":"Triples","Manufacturer":"General Mills","Target":"adult","Type":"cold","Shelf":"top","Calories":220.0,"Cups":1.5,"Weight":2.0,"Protein":4.0,"Fat":2.0,"Sodium":500.0,"Fiber":0.0,"Carbs":42.0,"Sugars":6.0,"Potassium":120.0,"Vitamins":50.0,"Rating":39,"Ingredients":" ","calories_norm":75.2136752137,"sugars_norm":80.8551372049,"fat_norm":85.3372434018,"protein_norm":16.8328445748,"fiber_norm":0.0,"vitamins_norm":25.0,"sodium_norm":57.692372781,"Health Score":0,"Organic":false,"Vegan":false,"Gluten Free":false},{"Name":"Total Whole Grain","Manufacturer":"General Mills","Target":"adult","Type":"cold","Shelf":"top","Calories":150.0,"Cups":1.5,"Weight":1.5,"Protein":4.5,"Fat":1.5,"Sodium":300.0,"Fiber":4.5,"Carbs":24.0,"Sugars":4.5,"Potassium":165.0,"Vitamins":150.0,"Rating":47,"Ingredients":" ","calories_norm":87.1794871795,"sugars_norm":85.6413529036,"fat_norm":89.0029325513,"protein_norm":19.7653958944,"fiber_norm":9.900990099,"vitamins_norm":75.0,"sodium_norm":74.6154236686,"Health Score":0,"Organic":false,"Vegan":false,"Gluten Free":false},{"Name":"Total Raisin Bran","Manufacturer":"General Mills","Target":"adult","Type":"cold","Shelf":"top","Calories":210.0,"Cups":1.5,"Weight":2.25,"Protein":4.5,"Fat":1.5,"Sodium":285.0,"Fiber":6.0,"Carbs":22.5,"Sugars":21.0,"Potassium":345.0,"Vitamins":150.0,"Rating":29,"Ingredients":"whole grain wheat, raisins, sugar, corn bran, corn syrup, brown sugar syrup, salt. vitamin e (mixed tocopherols) added to preserve freshness.vitamins and minerals: vitamin c (sodium ascorbate), zinc and iron (mineral nutrients), vitamin e acetate, a b vitamin (niacinamide), a b vitamin (calcium pantothenate), vitamin b6 (pyridoxine hydrochloride), vitamin b1 (thiamin mononitrate), vitamin b2 (riboflavin), vitamin a (palmitate), a b vitamin (folic acid), vitamin b12, vitamin d3.","calories_norm":76.9230769231,"sugars_norm":32.992980217,"fat_norm":89.0029325513,"protein_norm":19.7653958944,"fiber_norm":13.201320132,"vitamins_norm":75.0,"sodium_norm":75.8846524852,"Health Score":0,"Organic":false,"Vegan":false,"Gluten Free":false},{"Name":"Total Corn Flakes","Manufacturer":"General Mills","Target":"adult","Type":"cold","Shelf":"top","Calories":165.0,"Cups":1.5,"Weight":1.5,"Protein":3.0,"Fat":1.5,"Sodium":300.0,"Fiber":0.0,"Carbs":31.5,"Sugars":4.5,"Potassium":52.5,"Vitamins":150.0,"Rating":39,"Ingredients":" ","calories_norm":84.6153846154,"sugars_norm":85.6413529036,"fat_norm":89.0029325513,"protein_norm":10.9677419355,"fiber_norm":0.0,"vitamins_norm":75.0,"sodium_norm":74.6154236686,"Health Score":0,"Organic":false,"Vegan":false,"Gluten Free":false},{"Name":"Strawberry Fruit Wheats","Manufacturer":"Nabisco","Target":"child","Type":"cold","Shelf":"middle","Calories":135.0,"Cups":1.5,"Weight":1.5,"Protein":3.0,"Fat":0.0,"Sodium":22.5,"Fiber":4.5,"Carbs":22.5,"Sugars":7.5,"Potassium":135.0,"Vitamins":37.5,"Rating":59,"Ingredients":" ","calories_norm":89.7435897436,"sugars_norm":76.0689215061,"fat_norm":100.0,"protein_norm":10.9677419355,"fiber_norm":9.900990099,"vitamins_norm":18.75,"sodium_norm":98.0961567751,"Health Score":0,"Organic":false,"Vegan":false,"Gluten Free":false},{"Name":"Special K","Manufacturer":"Kellogg","Target":"adult","Type":"cold","Shelf":"bottom","Calories":165.0,"Cups":1.5,"Weight":1.5,"Protein":9.0,"Fat":0.0,"Sodium":345.0,"Fiber":1.5,"Carbs":24.0,"Sugars":4.5,"Potassium":82.5,"Vitamins":37.5,"Rating":53,"Ingredients":"soy protein isolate, sugar, soluble corn fiber, peanuts, fructose, palm kernel and palm oil, whole grain oats, semisweet chocolate chunks (sugar, chocolate, milkfat, cocoa butter, soy lecithin, natural flavor, salt), dried cherries (cherries, sugar), dextrose, dried cranberries, contains 2% or less of cocoa processed with alkali, vegetable glycerin, roasted soybeans, sea salt, natural flavors, soy lecithin, cherry juice concentrate, citric acid, whey, elderberry juice concentrate for color, rosemary extract for freshness, xanthan gum, wheat starch.vitamins and minerals: calcium carbonate, vitamin c (ascorbic acid), vitamin e acetate, niacinamide, zinc oxide, reduced iron, vitamin b6 (pyridoxine hydrochloride), vitamin a palmitate, vitamin b2 (riboflavin), vitamin b1 (thiamin hydrochloride), vitamin b12, folic acid, vitamin d3.","calories_norm":84.6153846154,"sugars_norm":85.6413529036,"fat_norm":100.0,"protein_norm":46.1583577713,"fiber_norm":3.300330033,"vitamins_norm":18.75,"sodium_norm":70.8077372189,"Health Score":0,"Organic":false,"Vegan":false,"Gluten Free":false},{"Name":"Smacks","Manufacturer":"Kellogg","Target":"child","Type":"cold","Shelf":"middle","Calories":220.0,"Cups":1.5,"Weight":2.0,"Protein":4.0,"Fat":2.0,"Sodium":140.0,"Fiber":2.0,"Carbs":18.0,"Sugars":30.0,"Potassium":80.0,"Vitamins":50.0,"Rating":31,"Ingredients":"sugar, wheat, dextrose, honey, contains 2% or less of vegetable oil (hydrogenated or partially hydrogenated soybean), salt, caramel color, soy lecithin, bht for freshness. vitamins and minerals: vitamin c (sodium ascorbate), niacinamide, vitamin b6 (pyridoxine hydrochloride), vitamin a palmitate, vitamin b2 (riboflavin), vitamin b1 (thiamin hydrochloride), folic acid, vitamin d, vitamin b12.","calories_norm":75.2136752137,"sugars_norm":4.2756860243,"fat_norm":85.3372434018,"protein_norm":16.8328445748,"fiber_norm":4.400440044,"vitamins_norm":25.0,"sodium_norm":88.1538643787,"Health Score":0,"Organic":false,"Vegan":false,"Gluten Free":false},{"Name":"Shredded Wheat spoon size","Manufacturer":"Nabisco","Target":"adult","Type":"cold","Shelf":"bottom","Calories":201.49,"Cups":1.5,"Weight":2.24,"Protein":6.72,"Fat":0.0,"Sodium":0.0,"Fiber":6.72,"Carbs":44.78,"Sugars":0.0,"Potassium":268.66,"Vitamins":0.0,"Rating":73,"Ingredients":" ","calories_norm":78.3777777778,"sugars_norm":100.0,"fat_norm":100.0,"protein_norm":32.7859237537,"fiber_norm":14.7854785479,"vitamins_norm":0.0,"sodium_norm":100.0,"Health Score":0,"Organic":false,"Vegan":false,"Gluten Free":false},{"Name":"Shredded Wheat 'n'Bran","Manufacturer":"Nabisco","Target":"adult","Type":"cold","Shelf":"bottom","Calories":201.49,"Cups":1.5,"Weight":2.24,"Protein":6.72,"Fat":0.0,"Sodium":0.0,"Fiber":8.96,"Carbs":42.54,"Sugars":0.0,"Potassium":313.43,"Vitamins":0.0,"Rating":74,"Ingredients":" ","calories_norm":78.3777777778,"sugars_norm":100.0,"fat_norm":100.0,"protein_norm":32.7859237537,"fiber_norm":19.7139713971,"vitamins_norm":0.0,"sodium_norm":100.0,"Health Score":0,"Organic":false,"Vegan":false,"Gluten Free":false},{"Name":"Shredded Wheat","Manufacturer":"Nabisco","Target":"adult","Type":"cold","Shelf":"bottom","Calories":120.0,"Cups":1.5,"Weight":1.24,"Protein":3.0,"Fat":0.0,"Sodium":0.0,"Fiber":4.5,"Carbs":24.0,"Sugars":0.0,"Potassium":142.5,"Vitamins":0.0,"Rating":68,"Ingredients":"whole grain wheat, sugar, contains 2% or less of: natural and artificial flavor, gelatin, red 40, blue 1, bht (to preserve freshness). vitamins and minerals: thiamin mononitrate (vitamin b1), riboflavin (vitamin b2), niacinamide (vitamin b3), pyridoxine hydrochloride (vitamin b6), folic acid, vitamin b12, reduced iron, zinc oxide.","calories_norm":92.3076923077,"sugars_norm":100.0,"fat_norm":100.0,"protein_norm":10.9677419355,"fiber_norm":9.900990099,"vitamins_norm":0.0,"sodium_norm":100.0,"Health Score":0,"Organic":false,"Vegan":true,"Gluten Free":false},{"Name":"Rice Krispies","Manufacturer":"Kellogg","Target":"child","Type":"cold","Shelf":"bottom","Calories":165.0,"Cups":1.5,"Weight":1.5,"Protein":3.0,"Fat":0.0,"Sodium":435.0,"Fiber":0.0,"Carbs":33.0,"Sugars":4.5,"Potassium":52.5,"Vitamins":37.5,"Rating":41,"Ingredients":"whole grain brown rice, corn syrup, fructose, vegetable oil (soybean and palm oil with tbhq for freshness), sugar, chocolate, corn syrup solids.contains 2% or less of dextrose, vegetable glycerin, salt, nonfat milk, cocoa processed with alkali, gelatin, natural and artificial flavors, acetylated monoglycerides, datem, reduced iron, vitamin b1 (thiamin hydrochloride), niacinamide, vitamin b6 (pyridoxine hydrochloride), folic acid, calcium pantothenate, soy lecithin, bht for freshness.","calories_norm":84.6153846154,"sugars_norm":85.6413529036,"fat_norm":100.0,"protein_norm":10.9677419355,"fiber_norm":0.0,"vitamins_norm":18.75,"sodium_norm":63.1923643194,"Health Score":0,"Organic":false,"Vegan":false,"Gluten Free":false},{"Name":"Rice Chex","Manufacturer":"Ralston Purina","Target":"adult","Type":"cold","Shelf":"bottom","Calories":146.02,"Cups":1.5,"Weight":1.33,"Protein":1.33,"Fat":0.0,"Sodium":318.58,"Fiber":0.0,"Carbs":30.53,"Sugars":2.65,"Potassium":39.82,"Vitamins":33.19,"Rating":42,"Ingredients":"whole grain rice, rice, sugar, salt, molasses. vitamin e (mixed tocopherols) added to preserve freshness.vitamins and minerals: calcium carbonate, iron and zinc (mineral nutrients), vitamin c (sodium ascorbate), a b vitamin (niacinamide), vitamin b6 (pyridoxine hydrochloride), vitamin b2 (riboflavin), vitamin b1 (thiamin mononitrate), vitamin a (palmitate), a b vitamin (folic acid), vitamin b12, vitamin d3.","calories_norm":87.8598290598,"sugars_norm":91.5443522655,"fat_norm":100.0,"protein_norm":1.1730205279,"fiber_norm":0.0,"vitamins_norm":16.595,"sodium_norm":73.0432722411,"Health Score":0,"Organic":false,"Vegan":false,"Gluten Free":true},{"Name":"Just Right Fruit & Nut","Manufacturer":"Kellogg","Target":"adult","Type":"cold","Shelf":"top","Calories":280.0,"Cups":1.5,"Weight":2.6,"Protein":6.0,"Fat":2.0,"Sodium":340.0,"Fiber":4.0,"Carbs":40.0,"Sugars":18.0,"Potassium":190.0,"Vitamins":200.0,"Rating":36,"Ingredients":" ","calories_norm":64.9572649573,"sugars_norm":42.5654116146,"fat_norm":85.3372434018,"protein_norm":28.5630498534,"fiber_norm":8.800880088,"vitamins_norm":100.0,"sodium_norm":71.2308134911,"Health Score":0,"Organic":false,"Vegan":false,"Gluten Free":false},{"Name":"Just Right Crunchy Nuggets","Manufacturer":"Kellogg","Target":"adult","Type":"cold","Shelf":"top","Calories":165.0,"Cups":1.5,"Weight":1.5,"Protein":3.0,"Fat":1.5,"Sodium":255.0,"Fiber":1.5,"Carbs":25.5,"Sugars":9.0,"Potassium":90.0,"Vitamins":150.0,"Rating":37,"Ingredients":" ","calories_norm":84.6153846154,"sugars_norm":71.2827058073,"fat_norm":89.0029325513,"protein_norm":10.9677419355,"fiber_norm":3.300330033,"vitamins_norm":75.0,"sodium_norm":78.4231101183,"Health Score":0,"Organic":false,"Vegan":false,"Gluten Free":false},{"Name":"Honey-comb","Manufacturer":"Post","Target":"child","Type":"cold","Shelf":"bottom","Calories":124.06,"Cups":1.5,"Weight":1.13,"Protein":1.13,"Fat":0.0,"Sodium":203.01,"Fiber":0.0,"Carbs":15.79,"Sugars":12.41,"Potassium":39.47,"Vitamins":28.2,"Rating":29,"Ingredients":" ","calories_norm":91.6136752137,"sugars_norm":60.4020421187,"fat_norm":100.0,"protein_norm":0.0,"fiber_norm":0.0,"vitamins_norm":14.1,"sodium_norm":82.8222571965,"Health Score":0,"Organic":false,"Vegan":false,"Gluten Free":false},{"Name":"Count Chocula","Manufacturer":"General Mills","Target":"child","Type":"cold","Shelf":"middle","Calories":165.0,"Cups":1.5,"Weight":1.5,"Protein":1.5,"Fat":1.5,"Sodium":270.0,"Fiber":0.0,"Carbs":18.0,"Sugars":19.5,"Potassium":97.5,"Vitamins":37.5,"Rating":22,"Ingredients":"cereal (whole grain corn, sugar, corn meal, corn syrup, cocoa processed with alkali, fructose, canola oil, salt, caramel color, refiner's syrup, baking soda, natural flavor. vitamins and minerals: calcium carbonate, tricalcium phosphate, zinc and iron (mineral nutrients), vitamin c (sodium ascorbate), a b vitamin (niacinamide), vitamin b6 (pyridoxine hydrochloride), vitamin b2 (riboflavin), vitamin b1 (thiamin mononitrate), vitamin a (palmitate), a b vitamin (folic acid), vitamin b12, vitamin d3), corn syrup, sugar, milk chocolate flavored chip (sugar, palm kernel and\\/or palm oil, cocoa processed with alkali, nonfat milk, soy lecithin, vanilla extract), chocolate flavored crisp rice (rice flour, cocoa processed with alkali, sugar, barley malt extract, salt, color added, bht to retain freshness), fructose, marshmallow bits (sugar, corn syrup, modified corn starch, gelatin, sodium hexametaphosphate, artificial and natural flavor, blue 1), palm kernel oil, high fructose corn syrup, canola oil, whole wheat flour, cocoa processed with alkali, nonfat milk, brown rice flour. contains 2% or less of: glycerin, calcium carbonate, maltodextrin, sorbitol, whole oat flour, corn flour, salt, color added, gelatin, modified wheat starch, natural and artificial flavor, soy lecithin.","calories_norm":84.6153846154,"sugars_norm":37.7791959158,"fat_norm":89.0029325513,"protein_norm":2.1700879765,"fiber_norm":0.0,"vitamins_norm":18.75,"sodium_norm":77.1538813017,"Health Score":0,"Organic":false,"Vegan":false,"Gluten Free":false},{"Name":"Corn Flakes","Manufacturer":"Kellogg","Target":"adult","Type":"cold","Shelf":"bottom","Calories":150.0,"Cups":1.5,"Weight":1.5,"Protein":3.0,"Fat":0.0,"Sodium":435.0,"Fiber":1.5,"Carbs":31.5,"Sugars":3.0,"Potassium":52.5,"Vitamins":37.5,"Rating":46,"Ingredients":"milled corn, sugar, malt flavor, 2% or less of salt. bht for freshness. vitamins and minerals: iron, vitamin c (sodium ascorbate, ascorbic acid), niacinamide, vitamin b6 (pyridoxine hydrochloride), vitamin a palmitate, vitamin b2 (riboflavin), vitamin b1 (thiamin hydrochloride), folic acid, vitamin d3, vitamin b12.","calories_norm":87.1794871795,"sugars_norm":90.4275686024,"fat_norm":100.0,"protein_norm":10.9677419355,"fiber_norm":3.300330033,"vitamins_norm":18.75,"sodium_norm":63.1923643194,"Health Score":0,"Organic":true,"Vegan":true,"Gluten Free":false},{"Name":"Corn Chex","Manufacturer":"Ralston Purina","Target":"adult","Type":"cold","Shelf":"bottom","Calories":165.0,"Cups":1.5,"Weight":1.5,"Protein":3.0,"Fat":0.0,"Sodium":420.0,"Fiber":0.0,"Carbs":33.0,"Sugars":4.5,"Potassium":37.5,"Vitamins":37.5,"Rating":41,"Ingredients":" ","calories_norm":84.6153846154,"sugars_norm":85.6413529036,"fat_norm":100.0,"protein_norm":10.9677419355,"fiber_norm":0.0,"vitamins_norm":18.75,"sodium_norm":64.461593136,"Health Score":0,"Organic":false,"Vegan":false,"Gluten Free":true},{"Name":"Cocoa Puffs","Manufacturer":"General Mills","Target":"child","Type":"cold","Shelf":"middle","Calories":165.0,"Cups":1.5,"Weight":1.5,"Protein":1.5,"Fat":1.5,"Sodium":270.0,"Fiber":0.0,"Carbs":18.0,"Sugars":19.5,"Potassium":82.5,"Vitamins":37.5,"Rating":23,"Ingredients":"whole grain corn, sugar, corn meal, corn syrup, cocoa processed with alkali, canola oil, fructose, salt, caramel color, refiner's syrup, baking soda, natural flavor.vitamins and minerals: tricalcium phosphate, calcium carbonate, zinc and iron (mineral nutrients), vitamin c (sodium ascorbate), a b vitamin (niacinamide), vitamin b6 (pyridoxine hydrochloride), vitamin b2 (riboflavin), vitamin b1 (thiamin mononitrate), vitamin a (palmitate), a b vitamin (folic acid), vitamin b12, vitamin d3.","calories_norm":84.6153846154,"sugars_norm":37.7791959158,"fat_norm":89.0029325513,"protein_norm":2.1700879765,"fiber_norm":0.0,"vitamins_norm":18.75,"sodium_norm":77.1538813017,"Health Score":0,"Organic":false,"Vegan":false,"Gluten Free":false},{"Name":"Clusters","Manufacturer":"General Mills","Target":"adult","Type":"cold","Shelf":"top","Calories":330.0,"Cups":1.5,"Weight":3.0,"Protein":9.0,"Fat":6.0,"Sodium":420.0,"Fiber":6.0,"Carbs":39.0,"Sugars":21.0,"Potassium":315.0,"Vitamins":75.0,"Rating":40,"Ingredients":"whole grain oats, whole grain wheat, sugar, yellow corn grits, rice flour, canola oil, honey, molasses, brown sugar syrup, corn bran, salt, barley malt extract, soy lecithin, baking soda, natural flavor. vitamin e (mixed tocopherols) added to preserve freshness.","calories_norm":56.4102564103,"sugars_norm":32.992980217,"fat_norm":56.0117302053,"protein_norm":46.1583577713,"fiber_norm":13.201320132,"vitamins_norm":37.5,"sodium_norm":64.461593136,"Health Score":0,"Organic":false,"Vegan":false,"Gluten Free":true},{"Name":"Cinnamon Toast Crunch","Manufacturer":"General Mills","Target":"child","Type":"cold","Shelf":"middle","Calories":240.0,"Cups":1.5,"Weight":2.0,"Protein":2.0,"Fat":6.0,"Sodium":420.0,"Fiber":0.0,"Carbs":26.0,"Sugars":18.0,"Potassium":90.0,"Vitamins":50.0,"Rating":20,"Ingredients":"whole grain wheat, sugar, rice flour, canola oil, fructose, maltodextrin, dextrose, salt, cinnamon, trisodium phosphate, soy lecithin, caramel color. bht added to preserve freshness. vitamins and minerals: calcium carbonate, iron and zinc (mineral nutrients), vitamin c (sodium ascorbate), a b vitamin (niacinamide), vitamin b6 (pyridoxine hydrochloride), vitamin b2 (riboflavin), vitamin b1 (thiamin mononitrate), vitamin a (palmitate), a b vitamin (folic acid), vitamin b12, vitamin d3.","calories_norm":71.7948717949,"sugars_norm":42.5654116146,"fat_norm":56.0117302053,"protein_norm":5.1026392962,"fiber_norm":0.0,"vitamins_norm":25.0,"sodium_norm":64.461593136,"Health Score":0,"Organic":false,"Vegan":false,"Gluten Free":false},{"Name":"Cheerios","Manufacturer":"General Mills","Target":"child","Type":"cold","Shelf":"bottom","Calories":132.0,"Cups":1.5,"Weight":1.2,"Protein":7.2,"Fat":2.4,"Sodium":348.0,"Fiber":2.4,"Carbs":20.4,"Sugars":1.2,"Potassium":126.0,"Vitamins":30.0,"Rating":51,"Ingredients":"whole grain oats, sugar, corn starch, brown sugar syrup, salt, canola oil, banana puree, cinnamon, trisodium phosphate, natural flavor, natural pecan flavor. vitamin e (mixed tocopherols) added to preserve freshness.vitamins and minerals: calcium carbonate, zinc and iron (mineral nutrients), vitamin c (sodium ascorbate), a b vitamin (niacinamide), vitamin b6 (pyridoxine hydrochloride), vitamin b2 (riboflavin), vitamin b1 (thiamin mononitrate), vitamin a (palmitate), a b vitamin (folic acid), vitamin b12, vitamin d3.","calories_norm":90.2564102564,"sugars_norm":96.171027441,"fat_norm":82.4046920821,"protein_norm":35.6011730205,"fiber_norm":5.2805280528,"vitamins_norm":15.0,"sodium_norm":70.5538914556,"Health Score":0,"Organic":false,"Vegan":false,"Gluten Free":true},{"Name":"Cap'n'Crunch","Manufacturer":"Quaker Oats","Target":"child","Type":"cold","Shelf":"middle","Calories":240.0,"Cups":1.5,"Weight":2.0,"Protein":2.0,"Fat":4.0,"Sodium":440.0,"Fiber":0.0,"Carbs":24.0,"Sugars":24.0,"Potassium":70.0,"Vitamins":50.0,"Rating":18,"Ingredients":" ","calories_norm":71.7948717949,"sugars_norm":23.4205488194,"fat_norm":70.6744868035,"protein_norm":5.1026392962,"fiber_norm":0.0,"vitamins_norm":25.0,"sodium_norm":62.7692880472,"Health Score":0,"Organic":false,"Vegan":false,"Gluten Free":false},{"Name":"Bran Flakes","Manufacturer":"Post","Target":"adult","Type":"cold","Shelf":"top","Calories":201.49,"Cups":1.5,"Weight":2.24,"Protein":6.72,"Fat":0.0,"Sodium":470.15,"Fiber":11.19,"Carbs":29.1,"Sugars":11.19,"Potassium":425.37,"Vitamins":55.97,"Rating":53,"Ingredients":"whole grain wheat, raisins, wheat bran, sugar, brown sugar syrup, contains 2% or less of salt, malt flavor.","calories_norm":78.3777777778,"sugars_norm":64.294830887,"fat_norm":100.0,"protein_norm":32.7859237537,"fiber_norm":24.6204620462,"vitamins_norm":27.985,"sodium_norm":60.2181381259,"Health Score":0,"Organic":false,"Vegan":true,"Gluten Free":false},{"Name":"Bran Chex","Manufacturer":"Ralston Purina","Target":"adult","Type":"cold","Shelf":"bottom","Calories":201.49,"Cups":1.5,"Weight":2.24,"Protein":4.48,"Fat":2.24,"Sodium":447.76,"Fiber":8.96,"Carbs":33.58,"Sugars":13.43,"Potassium":279.85,"Vitamins":55.97,"Rating":49,"Ingredients":" ","calories_norm":78.3777777778,"sugars_norm":57.1474154435,"fat_norm":83.57771261,"protein_norm":19.6480938416,"fiber_norm":19.7139713971,"vitamins_norm":27.985,"sodium_norm":62.1126736728,"Health Score":0,"Organic":false,"Vegan":false,"Gluten Free":false},{"Name":"Basic 4","Manufacturer":"General Mills","Target":"adult","Type":"cold","Shelf":"top","Calories":260.0,"Cups":1.5,"Weight":2.66,"Protein":6.0,"Fat":4.0,"Sodium":420.0,"Fiber":4.0,"Carbs":36.0,"Sugars":16.0,"Potassium":200.0,"Vitamins":50.0,"Rating":37,"Ingredients":"whole grain wheat, corn meal, sugar, raisins, rice flour, almond pieces, brown sugar syrup, glycerin, salt, whole grain oats, dried cranberries, corn syrup, palm kernel oil, brown sugar, barley malt extract, dextrose, honey, color (caramel color and annatto extract), cinnamon, soy lecithin, baking soda, natural flavor. vitamin e (mixed tocopherols) added to preserve freshness.vitamins and minerals: calcium carbonate, zinc and iron (mineral nutrients), vitamin c (sodium ascorbate), a b vitamin (niacinamide), vitamin b6 (pyridoxine hydrochloride), vitamin b2 (riboflavin), vitamin b1 (thiamin mononitrate), vitamin a (palmitate), a b vitamin (folic acid), vitamin b12, vitamin d3.","calories_norm":68.3760683761,"sugars_norm":48.9470325463,"fat_norm":70.6744868035,"protein_norm":28.5630498534,"fiber_norm":8.800880088,"vitamins_norm":25.0,"sodium_norm":64.461593136,"Health Score":0,"Organic":false,"Vegan":false,"Gluten Free":false},{"Name":"Apple Jacks","Manufacturer":"Kellogg","Target":"child","Type":"cold","Shelf":"middle","Calories":165.0,"Cups":1.5,"Weight":1.5,"Protein":3.0,"Fat":0.0,"Sodium":187.5,"Fiber":1.5,"Carbs":16.5,"Sugars":21.0,"Potassium":45.0,"Vitamins":37.5,"Rating":33,"Ingredients":"corn flour blend (whole grain yellow corn flour, degerminated yellow corn flour), sugar, wheat flour, whole grain oat flour, modified food starch, contains 2% or less of vegetable oil (hydrogenated coconut, soybean and\\/or cottonseed, canola), oat fiber, salt, soluble corn fiber, degerminated yellow corn flour, apple juice concentrate, modified corn starch, dried apples, cornstarch, cinnamon, natural flavor, yellow 6, baking soda, turmeric extract color, red 40, blue 1, bht for freshness. vitamins and minerals: vitamin c (sodium ascorbate and ascorbic acid), niacinamide, reduced iron, zinc oxide, vitamin b6 (pyridoxine hydrochloride), vitamin b2 (riboflavin), vitamin a palmitate, vitamin b1 (thiamin hydrochloride), folic acid, vitamin b12, vitamin d3.","calories_norm":84.6153846154,"sugars_norm":32.992980217,"fat_norm":100.0,"protein_norm":10.9677419355,"fiber_norm":3.300330033,"vitamins_norm":18.75,"sodium_norm":84.1346397929,"Health Score":0,"Organic":false,"Vegan":false,"Gluten Free":false},{"Name":"Apple Cinnamon Cheerios","Manufacturer":"General Mills","Target":"child","Type":"cold","Shelf":"bottom","Calories":220.0,"Cups":1.5,"Weight":2.0,"Protein":4.0,"Fat":4.0,"Sodium":360.0,"Fiber":3.0,"Carbs":21.0,"Sugars":20.0,"Potassium":140.0,"Vitamins":50.0,"Rating":30,"Ingredients":" ","calories_norm":75.2136752137,"sugars_norm":36.1837906828,"fat_norm":70.6744868035,"protein_norm":16.8328445748,"fiber_norm":6.600660066,"vitamins_norm":25.0,"sodium_norm":69.5385084023,"Health Score":0,"Organic":false,"Vegan":false,"Gluten Free":true},{"Name":"Almond Delight","Manufacturer":"Ralston Purina","Target":"adult","Type":"cold","Shelf":"top","Calories":220.0,"Cups":1.5,"Weight":2.0,"Protein":4.0,"Fat":4.0,"Sodium":400.0,"Fiber":2.0,"Carbs":28.0,"Sugars":16.0,"Potassium":null,"Vitamins":50.0,"Rating":34,"Ingredients":" ","calories_norm":75.2136752137,"sugars_norm":48.9470325463,"fat_norm":70.6744868035,"protein_norm":16.8328445748,"fiber_norm":4.400440044,"vitamins_norm":25.0,"sodium_norm":66.1538982248,"Health Score":0,"Organic":false,"Vegan":false,"Gluten Free":false},{"Name":"All-Bran Extra Fiber","Manufacturer":"Kellogg","Target":"adult","Type":"cold","Shelf":"top","Calories":150.0,"Cups":1.5,"Weight":3.0,"Protein":12.0,"Fat":0.0,"Sodium":420.0,"Fiber":42.0,"Carbs":24.0,"Sugars":0.0,"Potassium":990.0,"Vitamins":75.0,"Rating":94,"Ingredients":" ","calories_norm":87.1794871795,"sugars_norm":100.0,"fat_norm":100.0,"protein_norm":63.7536656891,"fiber_norm":92.4092409241,"vitamins_norm":37.5,"sodium_norm":64.461593136,"Health Score":0,"Organic":false,"Vegan":false,"Gluten Free":false},{"Name":"All-Bran","Manufacturer":"Kellogg","Target":"adult","Type":"cold","Shelf":"top","Calories":318.18,"Cups":1.5,"Weight":4.55,"Protein":18.18,"Fat":4.55,"Sodium":1181.82,"Fiber":40.91,"Carbs":31.82,"Sugars":22.73,"Potassium":1454.55,"Vitamins":113.64,"Rating":59,"Ingredients":"whole grain wheat, wheat bran, sugar, brown sugar syrup, contains 2% or less of salt, malt flavoring, bht for freshness. vitamins and minerals: vitamin c (sodium ascorbate, ascorbic acid), vitamin a palmitate, niacinamide, reduced iron, zinc oxide, calcium pantothenate, vitamin b6 (pyridoxine hydrochloride), vitamin d, vitamin b2 (riboflavin), vitamin b1 (thiamin hydrochloride), vitamin e (alpha tocopherol acetate), folic acid, vitamin b12. ","calories_norm":58.4307692308,"sugars_norm":27.472878111,"fat_norm":66.642228739,"protein_norm":100.0,"fiber_norm":90.0110011001,"vitamins_norm":56.82,"sodium_norm":0.0,"Health Score":0,"Organic":false,"Vegan":false,"Gluten Free":false},{"Name":"Corn Pops","Manufacturer":"Kellogg","Target":"child","Type":"cold","Shelf":"middle","Calories":165.0,"Cups":1.5,"Weight":1.5,"Protein":1.5,"Fat":0.0,"Sodium":135.0,"Fiber":1.5,"Carbs":19.5,"Sugars":18.0,"Potassium":30.0,"Vitamins":37.5,"Rating":36,"Ingredients":"milled corn, sugar, corn syrup, contains 2% or less of molasses, salt, vegetable oil (hydrogenated coconut, soybean and\\/or cottonseed), annatto color, bht for freshness, wheat starch. vitamins and minerals: vitamin c (sodium ascorbate and ascorbic acid), niacinamide, reduced iron, zinc oxide, vitamin b6 (pyridoxine hydrochloride), vitamin b2 (riboflavin), vitamin b1 (thiamin hydrochloride), vitamin a palmitate, folic acid, vitamin b12, vitamin d3.","calories_norm":84.6153846154,"sugars_norm":42.5654116146,"fat_norm":100.0,"protein_norm":2.1700879765,"fiber_norm":3.300330033,"vitamins_norm":18.75,"sodium_norm":88.5769406509,"Health Score":0,"Organic":false,"Vegan":false,"Gluten Free":false},{"Name":"Cracklin' Oat Bran","Manufacturer":"Kellogg","Target":"adult","Type":"cold","Shelf":"top","Calories":330.0,"Cups":1.5,"Weight":3.0,"Protein":9.0,"Fat":9.0,"Sodium":420.0,"Fiber":12.0,"Carbs":30.0,"Sugars":21.0,"Potassium":480.0,"Vitamins":75.0,"Rating":40,"Ingredients":" ","calories_norm":56.4102564103,"sugars_norm":32.992980217,"fat_norm":34.0175953079,"protein_norm":46.1583577713,"fiber_norm":26.402640264,"vitamins_norm":37.5,"sodium_norm":64.461593136,"Health Score":0,"Organic":false,"Vegan":false,"Gluten Free":false},{"Name":"Honey Nut Cheerios","Manufacturer":"General Mills","Target":"child","Type":"cold","Shelf":"bottom","Calories":220.0,"Cups":1.5,"Weight":2.0,"Protein":6.0,"Fat":2.0,"Sodium":500.0,"Fiber":3.0,"Carbs":23.0,"Sugars":20.0,"Potassium":180.0,"Vitamins":50.0,"Rating":31,"Ingredients":"whole grain oats, sugar, cluster (whole grain oats, sugar, corn syrup, rice flour, canola oil, almonds, molasses, wheat flour, whole wheat graham flour, baking soda, natural flavor, barley malt extract, salt, honey. vitamin e (mixed tocopherols) added to preserve freshness), whole grain wheat, brown sugar syrup, honey, oat bran, corn starch, salt, canola oil, tripotassium phosphate, natural almond flavor, annatto extract color. vitamin e (mixed tocopherols) added to preserve freshness.vitamins and minerals: calcium carbonate, zinc and iron (mineral nutrients), vitamin c (sodium ascorbate), a b vitamin (niacinamide), vitamin b6 (pyridoxine hydrochloride), vitamin b1 (thiamin mononitrate), vitamin b2 (riboflavin), vitamin a (palmitate), a b vitamin (folic acid), vitamin b12, vitamin d3.","calories_norm":75.2136752137,"sugars_norm":36.1837906828,"fat_norm":85.3372434018,"protein_norm":28.5630498534,"fiber_norm":6.600660066,"vitamins_norm":25.0,"sodium_norm":57.692372781,"Health Score":0,"Organic":false,"Vegan":false,"Gluten Free":true},{"Name":"Cream of Wheat (Quick)","Manufacturer":"Nabisco","Target":"adult","Type":"hot","Shelf":"middle","Calories":150.0,"Cups":1.5,"Weight":1.5,"Protein":4.5,"Fat":0.0,"Sodium":120.0,"Fiber":1.5,"Carbs":31.5,"Sugars":0.0,"Potassium":null,"Vitamins":0.0,"Rating":65,"Ingredients":" ","calories_norm":87.1794871795,"sugars_norm":100.0,"fat_norm":100.0,"protein_norm":19.7653958944,"fiber_norm":3.300330033,"vitamins_norm":0.0,"sodium_norm":89.8461694674,"Health Score":0,"Organic":false,"Vegan":false,"Gluten Free":false},{"Name":"Honey Graham Ohs","Manufacturer":"Quaker Oats","Target":"child","Type":"cold","Shelf":"middle","Calories":180.0,"Cups":1.5,"Weight":1.5,"Protein":1.5,"Fat":3.0,"Sodium":330.0,"Fiber":1.5,"Carbs":18.0,"Sugars":16.5,"Potassium":67.5,"Vitamins":37.5,"Rating":22,"Ingredients":" ","calories_norm":82.0512820513,"sugars_norm":47.3516273133,"fat_norm":78.0058651026,"protein_norm":2.1700879765,"fiber_norm":3.300330033,"vitamins_norm":18.75,"sodium_norm":72.0769660354,"Health Score":0,"Organic":false,"Vegan":false,"Gluten Free":false},{"Name":"Great Grains Pecan","Manufacturer":"Post","Target":"adult","Type":"cold","Shelf":"top","Calories":545.45,"Cups":1.5,"Weight":4.55,"Protein":13.64,"Fat":13.64,"Sodium":340.91,"Fiber":13.64,"Carbs":59.09,"Sugars":18.18,"Potassium":454.55,"Vitamins":113.64,"Rating":46,"Ingredients":" ","calories_norm":19.5811965812,"sugars_norm":41.9910657307,"fat_norm":0.0,"protein_norm":73.3724340176,"fiber_norm":30.0110011001,"vitamins_norm":56.82,"sodium_norm":71.1538136095,"Health Score":0,"Organic":false,"Vegan":false,"Gluten Free":false},{"Name":"Grape-Nuts","Manufacturer":"Post","Target":"adult","Type":"cold","Shelf":"top","Calories":660.0,"Cups":1.5,"Weight":6.0,"Protein":18.0,"Fat":0.0,"Sodium":1020.0,"Fiber":18.0,"Carbs":102.0,"Sugars":18.0,"Potassium":540.0,"Vitamins":150.0,"Rating":53,"Ingredients":" ","calories_norm":0.0,"sugars_norm":42.5654116146,"fat_norm":100.0,"protein_norm":98.9442815249,"fiber_norm":39.603960396,"vitamins_norm":75.0,"sodium_norm":13.6924404732,"Health Score":0,"Organic":false,"Vegan":false,"Gluten Free":false},{"Name":"Grape Nuts Flakes","Manufacturer":"Post","Target":"adult","Type":"cold","Shelf":"top","Calories":170.45,"Cups":1.5,"Weight":1.7,"Protein":5.11,"Fat":1.7,"Sodium":238.64,"Fiber":5.11,"Carbs":25.57,"Sugars":8.52,"Potassium":144.89,"Vitamins":42.61,"Rating":52,"Ingredients":" ","calories_norm":83.6837606838,"sugars_norm":72.8142948309,"fat_norm":87.5366568915,"protein_norm":23.3431085044,"fiber_norm":11.2431243124,"vitamins_norm":21.305,"sodium_norm":79.8074156809,"Health Score":0,"Organic":false,"Vegan":false,"Gluten Free":false},{"Name":"Golden Grahams","Manufacturer":"General Mills","Target":"child","Type":"cold","Shelf":"middle","Calories":220.0,"Cups":1.5,"Weight":2.0,"Protein":2.0,"Fat":2.0,"Sodium":560.0,"Fiber":0.0,"Carbs":30.0,"Sugars":18.0,"Potassium":90.0,"Vitamins":50.0,"Rating":24,"Ingredients":"whole grain wheat, corn meal, sugar, brown sugar syrup, canola oil, dextrose, baking soda, salt, natural flavor. vitamins and minerals: calcium carbonate, iron and zinc (mineral nutrients), vitamin c (sodium ascorbate), a b vitamin (niacinamide), vitamin b6 (pyridoxine hydrochloride), vitamin b2 (riboflavin), vitamin b1 (thiamin mononitrate), vitamin a (palmitate), a b vitamin (folic acid), vitamin b12, vitamin d3.","calories_norm":75.2136752137,"sugars_norm":42.5654116146,"fat_norm":85.3372434018,"protein_norm":5.1026392962,"fiber_norm":0.0,"vitamins_norm":25.0,"sodium_norm":52.6154575147,"Health Score":0,"Organic":false,"Vegan":false,"Gluten Free":false},{"Name":"Golden Crisp","Manufacturer":"Post","Target":"child","Type":"cold","Shelf":"bottom","Calories":170.45,"Cups":1.5,"Weight":1.7,"Protein":3.41,"Fat":0.0,"Sodium":76.7,"Fiber":0.0,"Carbs":18.75,"Sugars":25.57,"Potassium":68.18,"Vitamins":42.61,"Rating":35,"Ingredients":" ","calories_norm":83.6837606838,"sugars_norm":18.410976388,"fat_norm":100.0,"protein_norm":13.3724340176,"fiber_norm":0.0,"vitamins_norm":21.305,"sodium_norm":93.5100099846,"Health Score":0,"Organic":false,"Vegan":false,"Gluten Free":false},{"Name":"Fruity Pebbles","Manufacturer":"Post","Target":"child","Type":"cold","Shelf":"middle","Calories":220.0,"Cups":1.5,"Weight":2.0,"Protein":2.0,"Fat":2.0,"Sodium":270.0,"Fiber":0.0,"Carbs":26.0,"Sugars":24.0,"Potassium":50.0,"Vitamins":50.0,"Rating":28,"Ingredients":"rice, sugar, hydrogenated vegetable oil (coconut and palm kernel oils), salt, contains less than 0.5% of natural and artificial flavor, red 40, yellow 6, turmeric oleoresin (color), blue 1, yellow 5, blue 2, bha (to help protect flavor). vitamins and minerals: sodium ascorbate (source of vitamin c), ascorbic acid (vitamin c), niacinamide, reduced iron, zinc oxide (source of zinc), vitamin b6, vitamin a palmitate, riboflavin (vitamin b2), thiamin mononitrate (vitamin b1), folic acid, vitamin b12, vitamin d.","calories_norm":75.2136752137,"sugars_norm":23.4205488194,"fat_norm":85.3372434018,"protein_norm":5.1026392962,"fiber_norm":0.0,"vitamins_norm":25.0,"sodium_norm":77.1538813017,"Health Score":0,"Organic":false,"Vegan":false,"Gluten Free":true},{"Name":"Fruitful Bran","Manufacturer":"Kellogg","Target":"adult","Type":"cold","Shelf":"top","Calories":268.66,"Cups":1.5,"Weight":2.98,"Protein":6.72,"Fat":0.0,"Sodium":537.31,"Fiber":11.19,"Carbs":31.34,"Sugars":26.87,"Potassium":425.37,"Vitamins":55.97,"Rating":41,"Ingredients":" ","calories_norm":66.8957264957,"sugars_norm":14.2629227824,"fat_norm":100.0,"protein_norm":32.7859237537,"fiber_norm":24.6204620462,"vitamins_norm":27.985,"sodium_norm":54.5353776379,"Health Score":0,"Organic":false,"Vegan":false,"Gluten Free":false},{"Name":"Fruit & Fibre","Manufacturer":"Post","Target":"adult","Type":"cold","Shelf":"top","Calories":268.66,"Cups":1.5,"Weight":2.8,"Protein":6.72,"Fat":4.48,"Sodium":358.21,"Fiber":11.19,"Carbs":26.87,"Sugars":22.39,"Potassium":447.76,"Vitamins":55.97,"Rating":41,"Ingredients":" ","calories_norm":66.8957264957,"sugars_norm":28.5577536694,"fat_norm":67.1554252199,"protein_norm":32.7859237537,"fiber_norm":24.6204620462,"vitamins_norm":27.985,"sodium_norm":69.6899697077,"Health Score":0,"Organic":false,"Vegan":false,"Gluten Free":false},{"Name":"Frosted Mini-Wheats","Manufacturer":"Kellogg","Target":"adult","Type":"cold","Shelf":"middle","Calories":187.5,"Cups":1.5,"Weight":1.88,"Protein":5.62,"Fat":0.0,"Sodium":0.0,"Fiber":5.62,"Carbs":26.25,"Sugars":13.12,"Potassium":187.5,"Vitamins":46.88,"Rating":58,"Ingredients":"whole grain wheat, sugar, contains 2% or less of milled corn, corn syrup, brown rice syrup, natural and artificial flavor, modified corn starch, soybean oil, gelatin, citric acid, glycerin, red 40, blue 2, blue 1, bht for freshness. vitamins and minerals: reduced iron, niacinamide, vitamin b6 (pyridoxine hydrochloride), zinc oxide, vitamin b2 (riboflavin), vitamin b1 (thiamin hydrochloride), folic acid, vitamin b12.","calories_norm":80.7692307692,"sugars_norm":58.1365666879,"fat_norm":100.0,"protein_norm":26.3343108504,"fiber_norm":12.3652365237,"vitamins_norm":23.44,"sodium_norm":100.0,"Health Score":0,"Organic":false,"Vegan":false,"Gluten Free":false},{"Name":"Frosted Flakes","Manufacturer":"Kellogg","Target":"child","Type":"cold","Shelf":"bottom","Calories":220.0,"Cups":1.5,"Weight":2.0,"Protein":2.0,"Fat":0.0,"Sodium":400.0,"Fiber":2.0,"Carbs":28.0,"Sugars":22.0,"Potassium":50.0,"Vitamins":50.0,"Rating":31,"Ingredients":"milled corn, sugar, contains 2% or less of malt flavor, salt, bht for freshness. vitamins and minerals: iron, vitamin c (ascorbic acid and sodium ascorbate), niacinamide, vitamin b6 (pyridoxine hydrochloride), vitamin b2 (riboflavin), vitamin b1 (thiamin hydrochloride), vitamin a palmitate, folic acid, vitamin d, vitamin b12.","calories_norm":75.2136752137,"sugars_norm":29.8021697511,"fat_norm":100.0,"protein_norm":5.1026392962,"fiber_norm":4.400440044,"vitamins_norm":25.0,"sodium_norm":66.1538982248,"Health Score":0,"Organic":false,"Vegan":false,"Gluten Free":true},{"Name":"Froot Loops","Manufacturer":"Kellogg","Target":"child","Type":"cold","Shelf":"middle","Calories":165.0,"Cups":1.5,"Weight":1.5,"Protein":3.0,"Fat":1.5,"Sodium":187.5,"Fiber":1.5,"Carbs":16.5,"Sugars":19.5,"Potassium":45.0,"Vitamins":37.5,"Rating":32,"Ingredients":"sugar, whole grain yellow corn flour, wheat flour, whole grain oat flour, oat fiber, contains 2% or less of modified food starch, hydrogenated vegetable oil (coconut, soybean and\\/or cottonseed), soluble wheat fiber, salt, natural flavor, red 40, yellow 5, yellow 6, blue 1, bht for freshness. vitamins and minerals: vitamin c (ascorbic acid), niacinamide, reduced iron, zinc oxide, vitamin b6 (pyridoxine hydrochloride), vitamin b2 (riboflavin), vitamin b1 (thiamin hydrochloride), vitamin a palmitate, folic acid, vitamin b12, vitamin d3.","calories_norm":84.6153846154,"sugars_norm":37.7791959158,"fat_norm":89.0029325513,"protein_norm":10.9677419355,"fiber_norm":3.300330033,"vitamins_norm":18.75,"sodium_norm":84.1346397929,"Health Score":0,"Organic":false,"Vegan":false,"Gluten Free":false},{"Name":"Double Chex","Manufacturer":"Ralston Purina","Target":"adult","Type":"cold","Shelf":"top","Calories":200.0,"Cups":1.5,"Weight":2.0,"Protein":4.0,"Fat":0.0,"Sodium":380.0,"Fiber":2.0,"Carbs":36.0,"Sugars":10.0,"Potassium":160.0,"Vitamins":50.0,"Rating":44,"Ingredients":" ","calories_norm":78.6324786325,"sugars_norm":68.0918953414,"fat_norm":100.0,"protein_norm":16.8328445748,"fiber_norm":4.400440044,"vitamins_norm":25.0,"sodium_norm":67.8462033135,"Health Score":0,"Organic":false,"Vegan":false,"Gluten Free":false},{"Name":"Crispy Wheat & Raisins","Manufacturer":"General Mills","Target":"adult","Type":"cold","Shelf":"top","Calories":200.0,"Cups":1.5,"Weight":2.0,"Protein":4.0,"Fat":2.0,"Sodium":280.0,"Fiber":4.0,"Carbs":22.0,"Sugars":20.0,"Potassium":240.0,"Vitamins":50.0,"Rating":36,"Ingredients":" ","calories_norm":78.6324786325,"sugars_norm":36.1837906828,"fat_norm":85.3372434018,"protein_norm":16.8328445748,"fiber_norm":8.800880088,"vitamins_norm":25.0,"sodium_norm":76.3077287573,"Health Score":0,"Organic":false,"Vegan":false,"Gluten Free":false},{"Name":"Crispix","Manufacturer":"Kellogg","Target":"adult","Type":"cold","Shelf":"top","Calories":165.0,"Cups":1.5,"Weight":1.5,"Protein":3.0,"Fat":0.0,"Sodium":330.0,"Fiber":1.5,"Carbs":31.5,"Sugars":4.5,"Potassium":45.0,"Vitamins":37.5,"Rating":47,"Ingredients":"rice, milled corn, sugar, contains 2% or less of salt, molasses, brown rice syrup, baking soda, turmeric extract color.vitamins and minerals:  iron, niacinamide, vitamin c (ascorbic acid), zinc oxide, vitamin b6 (pyridoxine hydrochloride), vitamin b2 (riboflavin), vitamin b1 (thiamin hydrochloride), folic acid, vitamin a palmitate, vitamin b12, vitamin d3.","calories_norm":84.6153846154,"sugars_norm":85.6413529036,"fat_norm":100.0,"protein_norm":10.9677419355,"fiber_norm":3.300330033,"vitamins_norm":18.75,"sodium_norm":72.0769660354,"Health Score":0,"Organic":false,"Vegan":false,"Gluten Free":false},{"Name":"Wheaties Honey Gold","Manufacturer":"General Mills","Target":"child","Type":"cold","Shelf":"bottom","Calories":220.0,"Cups":1.5,"Weight":2.0,"Protein":4.0,"Fat":2.0,"Sodium":400.0,"Fiber":2.0,"Carbs":32.0,"Sugars":16.0,"Potassium":120.0,"Vitamins":50.0,"Rating":36,"Ingredients":" ","calories_norm":75.2136752137,"sugars_norm":48.9470325463,"fat_norm":85.3372434018,"protein_norm":16.8328445748,"fiber_norm":4.400440044,"vitamins_norm":25.0,"sodium_norm":66.1538982248,"Health Score":0,"Organic":false,"Vegan":false,"Gluten Free":false}]